#,Keyword,Country,Difficulty,Volume,CPC,CPS,Parent Keyword,Last Update,SERP Features,Global volume,Traffic potential
1,cigar bar wedding,us,0,250,,0.69,wedding cigar bars,2024-03-04 22:26:58,"Thumbnail,People also ask",90,90
2,wedding cigar bar,us,0,200,,0.59,cigar bar wedding,2024-03-08 11:28:58,"Thumbnail,Image pack,People also ask",70,150
3,wedding cigar bar ideas,us,0,150,,,cigar bar for wedding,2024-03-18 11:21:26,"People also ask,Thumbnail,Shopping results",200,250
4,cigar bar for wedding,us,0,150,,,wedding cigar bar,2024-03-16 06:46:53,"Thumbnail,Image pack,People also ask",60,200
5,cigar bar at wedding,us,0,90,,,cigar bar wedding,2024-03-08 16:14:42,"Image pack,Thumbnail,People also ask",50,150
6,cigar bar wedding ideas,us,0,70,,,wedding cigar bar,2024-03-13 10:36:42,"Thumbnail,People also ask,Shopping results",50,200
7,elegant cigar bar wedding,us,0,60,,,wedding cigar bar,2024-03-18 01:05:05,"People also ask,Thumbnail,Discussions",10,200
8,wedding reception cigar bar wedding,us,,40,,,,,,20,
9,cigar bar wedding sign,us,0,40,,,cigar bar wedding,2024-03-03 09:50:05,"Image pack,Thumbnail,Shopping results",10,0
10,cigar bar sign wedding,us,0,40,,,cigar bar sign,2024-03-07 12:42:16,"Image pack,Shopping results,Thumbnail",20,30
11,cigar bar ideas for wedding,us,,30,,,,,,10,
12,outdoor cigar bar wedding,us,,30,,,,,,10,
13,cigar bar sign for wedding,us,0,30,,,cigar bar sign,2024-03-17 13:45:03,"Image pack,Shopping results,Thumbnail",10,30
14,cigar bar for wedding reception,us,0,20,0.20,,wedding cigar bar,2024-03-15 12:19:35,"Thumbnail,People also ask,Image pack",20,200
15,cigar bar for wedding near me,us,,20,,,,,,20,
16,cigars for wedding cigar bar,us,,20,,,,,,40,
17,wedding cigar bar sign,us,0,20,,,cigar bar sign,2024-03-18 11:59:51,"Image pack,Thumbnail,Shopping results",,30
18,cigar bar wedding cost,us,0,10,,,,,,,
19,wedding cigar bar signs,us,,10,0.35,,wedding cigar bars,,,20,
20,best cigars for wedding cigar bar,us,,10,,,,,,,
21,whiskey and cigar bar wedding,us,,10,,,,,,20,
22,diy cigar bar wedding,us,,10,,,,,,10,
23,cigar bar rental for wedding,us,,10,,,,,,10,
24,wedding cigar bar cost,us,,10,0.00,,,,,20,
25,cigar bar for wedding colorado,us,,,,,,,,,
26,cigar bar san francisco wedding,us,,,0.00,,,,,,
27,cigar bar for wedding beaver creek,us,,,,,,,,,
28,cigar bar for wedding denver,us,,,,,,,,,
29,cigar bar for wedding austin,us,,,,,,,,,
30,mobile cigar bar for wedding,us,,,,,,,,,
31,cigar bar for wedding scottsdale,us,,,,,,,,,
32,cigar bar for wedding san francisco,us,,,,,,,,10,
33,cigar bar for wedding eagle county,us,,,,,,,,,
34,cigar bar for wedding summit county,us,,,,,,,,,
35,cigar bar for wedding tempe,us,,,,,,,,,
36,cigar bar for wedding santa barbara,us,,,,,,,,,
37,cigar bar for wedding los angeles,us,,,,,,,,,
38,cigar and whiskey bar wedding,us,,,,,,,,,
39,cigar bar for wedding napa valley,us,,,,,,,,,
40,how much is a cigar bar at a wedding,us,,,,,,,,,
41,cigar bar at a wedding images,us,,,0.00,,,,,,
42,cigar bar for wedding palm desert,us,,,,,,,,,
43,cigar bar for wedding lake tahoe,us,,,,,,,,10,
44,cigar bar for wedding san antonio,us,,,,,,,,,
45,lighters for cigar bar at wedding,us,,,0.00,,,,,,
46,cigar bar wedding photo shoog,us,,,0.00,,,,,,
47,wedding event cigar bar cleveland oh,us,,,0.00,,,,,,
48,cigar bar for wedding dallas,us,,,,,,,,,
49,cigar bar for wedding phoenix,us,,,,,,,,,
50,cigar bar for wedding colorado springs,us,,,,,,,,,
51,cigar bar wedding signs,us,,,0.00,,,,,,
52,cigar bar for wedding glendale,us,,,,,,,,,
53,cigar bar for wedding mesa,us,,,,,,,,,
54,cigar bar for wedding arizona,us,,,,,,,,,
55,cigar bar for wedding san diego,us,,,,,,,,,
